{"stats":{"minecraft:mined":{"minecraft:grass":1,"minecraft:grass_block":1,"minecraft:birch_leaves":1,"minecraft:oak_leaves":2},"minecraft:killed_by":{"minecraft:player":2},"minecraft:used":{"minecraft:trident":6},"minecraft:custom":{"minecraft:jump":71,"minecraft:time_since_rest":298,"minecraft:damage_dealt":187,"minecraft:crouch_one_cm":215,"minecraft:deaths":2,"minecraft:sprint_one_cm":1361,"minecraft:play_time":2751,"minecraft:damage_taken":1051,"minecraft:time_since_death":272,"minecraft:walk_one_cm":12491,"minecraft:sneak_time":97,"minecraft:total_world_time":2751,"minecraft:fall_one_cm":3369,"minecraft:fly_one_cm":3225,"minecraft:leave_game":1},"minecraft:picked_up":{"minecraft:trident":11,"minecraft:wheat_seeds":1,"minecraft:dirt":1}},"DataVersion":3120}