{"stats":{"minecraft:used":{"minecraft:oak_log":2,"minecraft:trident":6,"minecraft:netherite_sword":2},"minecraft:custom":{"minecraft:jump":21,"minecraft:time_since_rest":4070,"minecraft:damage_dealt":212,"minecraft:sprint_one_cm":163,"minecraft:leave_game":2,"minecraft:play_time":4070,"minecraft:time_since_death":4070,"minecraft:walk_one_cm":5061,"minecraft:sneak_time":50,"minecraft:total_world_time":4070,"minecraft:drop":26,"minecraft:fly_one_cm":51347,"minecraft:player_kills":2},"minecraft:picked_up":{"minecraft:trident":4},"minecraft:dropped":{"minecraft:trident":26}},"DataVersion":3120}