{"stats":{"minecraft:mined":{"minecraft:grass":2,"minecraft:grass_block":3,"minecraft:oak_log":3},"minecraft:crafted":{"minecraft:oak_planks":8},"minecraft:killed_by":{"minecraft:player":1},"minecraft:used":{"minecraft:trident":7,"minecraft:dirt":1},"minecraft:custom":{"minecraft:time_since_rest":1413,"minecraft:deaths":1,"minecraft:crouch_one_cm":1610,"minecraft:play_time":2953,"minecraft:sprint_one_cm":1458,"minecraft:damage_taken":467,"minecraft:walk_one_cm":15157,"minecraft:sneak_time":434,"minecraft:jump":59,"minecraft:damage_dealt":270,"minecraft:time_since_death":1391,"minecraft:total_world_time":2953,"minecraft:player_kills":1,"minecraft:fall_one_cm":1841,"minecraft:fly_one_cm":2749},"minecraft:picked_up":{"minecraft:wheat_seeds":2,"minecraft:oak_log":4,"minecraft:trident":11,"minecraft:oak_planks":8,"minecraft:dirt":3}},"DataVersion":3120}