{
  "minecraft:adventure/throw_trident": {
    "criteria": {
      "shot_trident": "2024-10-19 18:05:48 +0000"
    },
    "done": true
  },
  "minecraft:recipes/decorations/chest": {
    "criteria": {
      "has_lots_of_items": "2024-10-19 18:05:49 +0000"
    },
    "done": true
  },
  "minecraft:adventure/root": {
    "criteria": {
      "killed_by_something": "2024-10-19 18:04:59 +0000"
    },
    "done": true
  },
  "minecraft:adventure/adventuring_time": {
    "criteria": {
      "minecraft:forest": "2024-10-19 18:03:55 +0000",
      "minecraft:plains": "2024-10-19 18:04:14 +0000"
    },
    "done": false
  },
  "DataVersion": 3120
}