{
  "minecraft:recipes/misc/charcoal": {
    "criteria": {
      "has_log": "2024-10-19 18:04:38 +0000"
    },
    "done": true
  },
  "minecraft:adventure/throw_trident": {
    "criteria": {
      "shot_trident": "2024-10-19 18:05:54 +0000"
    },
    "done": true
  },
  "minecraft:recipes/building_blocks/oak_planks": {
    "criteria": {
      "has_logs": "2024-10-19 18:04:38 +0000"
    },
    "done": true
  },
  "minecraft:adventure/root": {
    "criteria": {
      "killed_something": "2024-10-19 18:04:59 +0000"
    },
    "done": true
  },
  "minecraft:recipes/building_blocks/oak_wood": {
    "criteria": {
      "has_log": "2024-10-19 18:04:38 +0000"
    },
    "done": true
  },
  "minecraft:adventure/adventuring_time": {
    "criteria": {
      "minecraft:river": "2024-10-19 18:00:12 +0000",
      "minecraft:forest": "2024-10-19 17:59:21 +0000",
      "minecraft:windswept_savanna": "2024-10-19 18:00:08 +0000",
      "minecraft:plains": "2024-10-19 18:00:07 +0000"
    },
    "done": false
  },
  "DataVersion": 3120
}